{"cameraMode":{"drawMode":0,"name":"Shaded","section":"Shading Mode"},"sceneLighting":true,"audioPlay":false,"sceneViewState":{"m_AlwaysRefresh":false,"showFog":true,"showSkybox":true,"showFlares":true,"showImageEffects":true,"showParticleSystems":true,"showVisualEffectGraphs":true,"m_FxEnabled":true},"in2DMode":false,"pivot":{"x":-0.16884809732437135,"y":3.3763427734375,"z":-12.710504531860352},"rotation":{"x":-0.5486304759979248,"y":0.013038796372711659,"z":-0.008554883301258088,"w":-0.8359102606773377},"size":10.27804183959961,"orthographic":false}